,condition,model_year,make,model,trim_level,list_price,exterior_color,interior_color,fwd_or_awd,hybrid_or_eco,mileage,dealer_address,date_parsed
0,USED,2023,FORD,MAVERICK,XLT,38988,Hot Pepper Red Tinted Clearcoat,Navy Pier,Front-wheel Drive,Hybrid,20,"4328 Louisburg Rd Raleigh, NC 27604",2023-05-11
1,USED,2022,FORD,MAVERICK,XLT,35895,Cactus Green / Gray,Navy Pier,All-wheel Drive,Gasoline,8378,"4900 Capital Blvd Raleigh, NC 27616",2023-05-11
2,USED,2023,FORD,MAVERICK,LARIAT,40873,Oxford White,Desert,All-wheel Drive,Gasoline,42,"4900 Capital Blvd Raleigh, NC 27616",2023-05-11
3,USED,2022,FORD,MAVERICK,XL,34091,Iconic Silver Metallic,Black Onyx,Front-wheel Drive,Hybrid,14911,"3940 Capital Hills Drive Raleigh, NC 27616",2023-05-11
4,USED,2022,FORD,MAVERICK,XLT,35497,Silver,Black Onyx,Front-wheel Drive,Gasoline,18425,"9820 Capital Blvd Wake Forest, NC 27587",2023-05-11
5,USED,2022,FORD,MAVERICK,XLT,36000,Area 51,Navy Pier,All-wheel Drive,Gasoline,2913,"11000 Capital Blvd Wake Forest, NC 27587",2023-05-11
6,USED,2022,FORD,MAVERICK,LARIAT,39683,Area 51,Desert,All-wheel Drive,Gasoline,8919,"109 Mackenan Blvd. Cary, NC 27511",2023-05-11
7,USED,2022,FORD,MAVERICK,LARIAT,37787,Blue,Desert,All-wheel Drive,Gasoline,38298,"2717 Virginia Beach Blvd Virginia Beach, VA 23452",2023-05-11
8,USED,2023,FORD,MAVERICK,XLT,37900,Area 51,Navy Pier,Front-wheel Drive,Hybrid,167,"3990 W Highway 501 Conway, SC 29526",2023-05-11
9,USED,2023,FORD,MAVERICK,XLT,37773,Gray,Black Onyx,Front-wheel Drive,Hybrid,77,"105 Auto Park Dr Graham, NC 27253",2023-05-11
10,USED,2022,FORD,MAVERICK,XLT,35473,Carbonized Gray Metallic,Navy Pier/Medium Slate,Front-wheel Drive,Gasoline,4281,"602 Alamance Rd Burlington, NC 27215",2023-05-11
11,USED,2022,FORD,MAVERICK,XLT,37093,Oxford White,Navy Pier / Medium Slate,Front-wheel Drive,Gasoline,25921,"602 Alamance Rd Burlington, NC 27215",2023-05-11
12,USED,2022,FORD,MAVERICK,XLT,34998,Blue,Black,All-wheel Drive,Gasoline,1522,"901 Murray Olds Dr Midlothian, VA 23114",2023-05-11
13,USED,2022,FORD,MAVERICK,XLT,36604,Iconic Silver Metallic,Navy Pier,All-wheel Drive,Gasoline,33970,"912 S Van Buren Rd Eden, NC 27288",2023-05-11
14,USED,2022,FORD,MAVERICK,XLT,35998,Gray,Black,AWD,Gasoline,10249,"11090 W Broad St Glen Allen, VA 23060",2023-05-11
15,USED,2022,FORD,MAVERICK,XLT,36307,Shadow Black,Black Onyx,All-wheel Drive,Gasoline,80,"96 Radio Dr Lexington, NC 27292",2023-05-11
16,USED,2022,FORD,MAVERICK,LARIAT,39696,Shadow Black,Desert,All-wheel Drive,Gasoline,26,"96 Radio Dr Lexington, NC 27292",2023-05-11
17,USED,2022,FORD,MAVERICK,XLT,36700,Area 51,Navy Pier,All-wheel Drive,Gasoline,10483,"418 Piedmont Dr Lexington, NC 27295",2023-05-11
18,USED,2023,FORD,MAVERICK,XLT,36900,White,Navy Pier,All-wheel Drive,Gasoline,381,"418 Piedmont Dr Lexington, NC 27295",2023-05-11
19,CERTIFIED,2022,FORD,MAVERICK,XLT,34812,ALTO BLUE METALLIC TC,NAVY PIER -MED SLATE TRIM,–,–,6611,"1163 Wards Road, Suite A Altavista, VA 24517",2023-05-11
20,USED,2022,FORD,MAVERICK,XL,37599,Alto Blue Tinted Clearcoat Metallic,Black Onyx/Medium Dark Slate,All-wheel Drive,Gasoline,3016,"2600 Peters Creek Parkway Winston Salem, NC 27127",2023-05-11
21,CERTIFIED,2022,FORD,MAVERICK,XLT,38968,Chili Pepper Red,Navy Pier,All-wheel Drive,Gasoline,8838,"2104 Peters Creek Winston Salem, NC 27127",2023-05-11
22,USED,2022,FORD,MAVERICK,LARIAT,39999,Oxford White,Desert,All-wheel Drive,Gasoline,15000,"979 N U.S. 1 Lugoff, SC 29078",2023-05-11
23,USED,2023,FORD,MAVERICK,XLT,37492,Silver,Black,All-wheel Drive,Gasoline,5303,"13307 Statesville Rd Huntersville, NC 28078",2023-05-11
24,USED,2022,FORD,MAVERICK,XLT,35430,Velocity Blue Metallic,Navy Pier,Front-wheel Drive,Hybrid,5462,"13825 Statesville Rd Huntersville, NC 28078",2023-05-11
25,USED,2023,FORD,MAVERICK,XLT,35997,Blue,Navy Pier,Front-wheel Drive,Hybrid,3085,"1016 N Main St Summerville, SC 29483",2023-05-11
26,USED,2023,FORD,MAVERICK,XLT,36988,Oxford White,–,Front-wheel Drive,Gasoline,130,"2283 Savannah Hwy Charleston, SC 29414",2023-05-11
27,USED,2022,FORD,MAVERICK,LARIAT,43700,Area 51,Desert,Front-wheel Drive,Hybrid,7683,"617 N Main St Belmont, NC 28012",2023-05-11
28,USED,2022,FORD,MAVERICK,XLT,41900,Velocity Blue Metallic,Navy Pier,Front-wheel Drive,Hybrid,14930,"617 N Main St Belmont, NC 28012",2023-05-11
29,USED,2022,FORD,MAVERICK,XL,35900,Area 51,Black Onyx,Front-wheel Drive,Gasoline,5354,"617 N Main St Belmont, NC 28012",2023-05-11
30,USED,2022,FORD,MAVERICK,XL,31634,Black,Black Onyx,Front-wheel Drive,Hybrid,28872,"3237 St Matthews Orangeburg, SC 29118",2023-05-11
31,USED,2023,FORD,MAVERICK,LARIAT,39900,Green,Brown,Front-wheel Drive,CVT Transmission,1800,"Erik from West Columbia, SC 29169",2023-05-11
32,CERTIFIED,2022,FORD,MAVERICK,XL,34498,Oxford White,Black Onyx,All-wheel Drive,Gasoline,13918,"1201 W Main St Lexington, SC 29072",2023-05-11
33,USED,2022,FORD,MAVERICK,XLT,30998,Yellow,Gray,Front-wheel Drive,Gasoline,12849,"2350 Research Ct Woodbridge, VA 22192",2023-05-11
34,USED,2022,FORD,MAVERICK,XLT,32500,Shadow Black,Navy Pier,Front-wheel Drive,Gasoline,7617,"13779 Nobelwood Plaza, Woodbridge, VA 22193",2023-05-11
35,USED,2022,FORD,MAVERICK,XL,33853,Carbonized Gray Metallic,Black Onyx,All-wheel Drive,Gasoline,11479,"2455 E Market St Harrisonburg, VA 22801",2023-05-11
36,USED,2022,FORD,MAVERICK,XL,29995,Oxford White,Black Onyx,Front-wheel Drive,Gasoline,180,"7434 Richmond Hwy Alexandria, VA 22306",2023-05-11
37,USED,2022,FORD,MAVERICK,XL,29995,Oxford White,Black Onyx,Front-wheel Drive,Gasoline,180,"7434 Richmond Hwy Alexandria, VA 22306",2023-05-11
38,USED,2022,FORD,MAVERICK,XL,29995,Oxford White,Black Onyx,Front-wheel Drive,Gasoline,180,"7434 Richmond Hwy Alexandria, VA 22306",2023-05-11
39,USED,2022,FORD,MAVERICK,XL,29995,Oxford White,Black Onyx,Front-wheel Drive,Gasoline,180,"7434 Richmond Hwy Alexandria, VA 22306",2023-05-11
40,USED,2022,FORD,MAVERICK,LARIAT,37173,Carbonized Gray Metallic,Desert,Front-wheel Drive,Hybrid,45210,"7434 Richmond Hwy Alexandria, VA 22306",2023-05-11
41,USED,2022,FORD,MAVERICK,XLT,38250,Area 51,–,All-wheel Drive,Gasoline,1703,"101 Malcolm Blvd. Valdese, NC 28690",2023-05-11
42,USED,2022,FORD,MAVERICK,XL,29988,Oxford White,Black Onyx,Front-wheel Drive,Gasoline,153,"6727 Loisdale Rd Springfield, VA 22150",2023-05-11
43,USED,2022,FORD,MAVERICK,XL,29743,Oxford White,Black Onyx,Front-wheel Drive,Gasoline,162,"6727 Loisdale Rd Springfield, VA 22150",2023-05-11
44,USED,2022,FORD,MAVERICK,XL,29742,Oxford White,Black Onyx,Front-wheel Drive,Gasoline,170,"6727 Loisdale Rd Springfield, VA 22150",2023-05-11
45,USED,2023,FORD,MAVERICK,XLT,41000,Blue,Navy Pier,Front-wheel Drive,Gasoline,145,"6510 Little River Tpke Alexandria, VA 22312",2023-05-11
46,USED,2023,FORD,MAVERICK,LARIAT,49997,White,Black Onyx,All-wheel Drive,Gasoline,135,"6510 Little River Tpke Alexandria, VA 22312",2023-05-11
47,USED,2022,FORD,MAVERICK,XL,32649,Shadow Black,Black Onyx,All-wheel Drive,Gasoline,11744,"11165 Fairfax Blvd Fairfax, VA 22030",2023-05-11
48,USED,2022,FORD,MAVERICK,LARIAT,38678,Iconic Silver Metallic,Desert,Front-wheel Drive,Hybrid,20609,"11165 Fairfax Blvd Fairfax, VA 22030",2023-05-11
49,CERTIFIED,2022,FORD,MAVERICK,LARIAT,39988,Blue,Desert,All-wheel Drive,Gasoline,9880,"409 East 2nd Street West Jefferson, NC 28694",2023-05-11
50,USED,2022,FORD,MAVERICK,XL,33995,Oxford White,Black Onyx,All-wheel Drive,Gasoline,15521,"4175 Auto Park Cir Chantilly, VA 20151",2023-05-11
51,USED,2022,FORD,MAVERICK,LARIAT,37824,Cactus Grey,Desert Brown,All-wheel Drive,Gasoline,17416,"1001 Jamestown Rd Morganton, NC 28655",2023-05-11
52,USED,2022,FORD,MAVERICK,XLT,37781,Velocity Blue Metallic,Navy Pier/Medium Slate,All-wheel Drive,Gasoline,1635,"1001 Jamestown Rd Morganton, NC 28655",2023-05-11
53,USED,2022,FORD,MAVERICK,XLT,36000,Blue,Navy Pier,Front-wheel Drive,Hybrid,10926,"8610 Leesburg Pike Vienna, VA 22182",2023-05-11
54,USED,2022,FORD,MAVERICK,XL,32998,White,Black,All-wheel Drive,Gasoline,4396,"45210 Towlern Pl Sterling, VA 20165",2023-05-11
55,USED,2023,FORD,MAVERICK,LARIAT,43998,Gray,Brown,Front-wheel Drive,Hybrid,1986,"45210 Towlern Pl Sterling, VA 20165",2023-05-11
56,USED,2022,FORD,MAVERICK,XL,31998,Black,Black,All-wheel Drive,Gasoline,8841,"45210 Towlern Pl Sterling, VA 20165",2023-05-11
57,USED,2023,FORD,MAVERICK,XL,36998,Blue,Black,Front-wheel Drive,Hybrid,70,"45210 Towlern Pl Sterling, VA 20165",2023-05-11
58,USED,2023,FORD,MAVERICK,XLT,37000,Atlas Blue Metallic,Navy Pier,Front-wheel Drive,Hybrid,422,"46869 Harry Byrd Hwy Sterling, VA 20164",2023-05-11
59,USED,2022,FORD,MAVERICK,LARIAT,36699,Cactus Green / Gray,Desert,All-wheel Drive,Gasoline,39800,"21736 Auto World Circle Sterling, VA 20166",2023-05-11
60,USED,2022,FORD,MAVERICK,XL,30998,Black,Black,Front-wheel Drive,Gasoline,8037,"8901 Executive Center Rd Ellicott City, MD 21043",2023-05-11
61,USED,2022,FORD,MAVERICK,LARIAT,38000,Orange,Desert,All-wheel Drive,Gasoline,14924,"6970 Security Blvd Windsor Mill, MD 21244",2023-05-11
62,USED,2022,FORD,MAVERICK,XLT,35000,Carbonized Gray Metallic,Navy Pier,All-wheel Drive,Gasoline,22491,"10207 Philadelphia Rd White Marsh, MD 21162",2023-05-11
63,USED,2023,FORD,MAVERICK,XLT,38998,Gray,Gray,FWD,Hybrid,603,"10201 Philadelphia Rd White Marsh, MD 21162",2023-05-11
64,USED,2022,FORD,MAVERICK,LARIAT,37999,Chili Pepper Red,Desert,Front-wheel Drive,Gasoline,15316,"525 Stone Harbor Blvd Cape May Court House, NJ 08210",2023-05-11
65,USED,2023,FORD,MAVERICK,XL,34395,Area 51,Black Onyx,Front-wheel Drive,Hybrid,61,"1551 W Old Liberty Rd Sykesville, MD 21784",2023-05-11
66,USED,2023,FORD,MAVERICK,LARIAT,46828,Black,Desert,All-wheel Drive,Gasoline,18,"3192 West State Street Bristol, TN 37620",2023-05-11
67,USED,2022,FORD,MAVERICK,XLT,35399,Shadow Black,Navy Pier,AWD,Gasoline,15604,"3700 Bristol Hwy Johnson City, TN 37601",2023-05-11
68,USED,2022,FORD,MAVERICK,XLT,37888,Velocity Blue Metallic,Navy Pier,All-wheel Drive,Gasoline,13350,"7334 US-280 Claxton, GA 30417",2023-05-11
69,USED,2022,FORD,MAVERICK,LARIAT,37895,Area 51,Desert,Front-wheel Drive,Hybrid,15319,"2601 E Lincoln Hwy Coatesville, PA 19320",2023-05-11
70,USED,2022,FORD,MAVERICK,LARIAT,41995,Shadow Black,Desert,All-wheel Drive,Gasoline,5990,"50 Baltimore Pike Springfield, PA 19064",2023-05-11
71,USED,2022,FORD,MAVERICK,XLT,33495,Blue,–,Front-wheel Drive,Hybrid,13667,"250 Haddonfield-Berlin Rd Cherry Hill, NJ 08034",2023-05-11
72,CERTIFIED,2022,FORD,MAVERICK,XLT,36875,ALTO BLUE METALLIC TC,NAVY PIER -MED SLATE TRIM,–,–,23812,"415 W Lincoln Hwy Exton, PA 19341",2023-05-11
73,USED,2023,FORD,MAVERICK,XLT,36500,Oxford White,Black Onyx,Front-wheel Drive,Hybrid,3225,"700 N US Route 15 Dillsburg, PA 17019",2023-05-11
74,USED,2023,FORD,MAVERICK,XL,33000,Carbonized Gray Metallic,Black Onyx/Medium Dark Slate,Front-wheel Drive,Gasoline,106,"700 N US Route 15 Dillsburg, PA 17019",2023-05-11
75,USED,2022,FORD,MAVERICK,XLT,36000,Area 51,Navy Pier,Front-wheel Drive,Hybrid,7197,"700 N US Route 15 Dillsburg, PA 17019",2023-05-11
76,USED,2022,FORD,MAVERICK,LARIAT,35500,Cyber Orange Tricoat Metallic,Desert Brown,Front-wheel Drive,Gasoline,22501,"700 N US Route 15 Dillsburg, PA 17019",2023-05-11
77,USED,2023,FORD,MAVERICK,XLT,35000,Carbonized Gray Metallic,Navy Pier/Medium Slate,Front-wheel Drive,Gasoline,1684,"700 N US Route 15 Dillsburg, PA 17019",2023-05-11
78,USED,2022,FORD,MAVERICK,XL,31000,Shadow Black,Black Onyx/Medium Dark Slate,Front-wheel Drive,Gasoline,15049,"700 N US Route 15 Dillsburg, PA 17019",2023-05-11
79,USED,2022,FORD,MAVERICK,XLT,34000,Oxford White,Navy Pier/Medium Slate,All-wheel Drive,Gasoline,14947,"700 N US Route 15 Dillsburg, PA 17019",2023-05-11
80,USED,2022,FORD,MAVERICK,XLT,35000,Iconic Silver Metallic,Navy Pier/Medium Slate,All-wheel Drive,Gasoline,5670,"700 N US Route 15 Dillsburg, PA 17019",2023-05-11
81,USED,2022,FORD,MAVERICK,LARIAT,36000,Carbonized Grey Metallic,Desert Brown,Front-wheel Drive,Gasoline,7518,"700 N US Route 15 Dillsburg, PA 17019",2023-05-11
82,USED,2022,FORD,MAVERICK,XLT,34500,Area 51,Navy Pier,Front-wheel Drive,Hybrid,4757,"2231 White Hall Blvd White Hall, WV 26554",2023-05-11
83,USED,2022,FORD,MAVERICK,XL,32509,Blue,Black Onyx,Front-wheel Drive,Gasoline,3783,"508 W Main St New Holland, PA 17557",2023-05-11
84,USED,2022,FORD,MAVERICK,XLT,35499,Carbonized Gray,–,All-wheel Drive,Gasoline,20544,"21 Pottstown Pike Chester Springs, PA 19425",2023-05-11
85,USED,2022,FORD,MAVERICK,XLT,38843,Blue,Navy Pier,All-wheel Drive,Gasoline,1001,"730 S Broad Street Lititz, PA 17543",2023-05-11
86,USED,2023,FORD,MAVERICK,XLT,38574,Hot Pepper Red Metallic Tinted Clearcoat,Navy Pier,Front-wheel Drive,Hybrid,328,"730 S Broad Street Lititz, PA 17543",2023-05-11
87,USED,2023,FORD,MAVERICK,XLT,39995,Atlas Blue Metallic,Navy Pier,All-wheel Drive,Gasoline,2323,"730 S Broad Street Lititz, PA 17543",2023-05-11
88,USED,2023,FORD,MAVERICK,XL,35332,Area 51,Black Onyx,Front-wheel Drive,Hybrid,176,"730 S Broad Street Lititz, PA 17543",2023-05-11
89,USED,2023,FORD,MAVERICK,XLT,38495,Gray,Navy Pier,Front-wheel Drive,Hybrid,34,"730 S Broad Street Lititz, PA 17543",2023-05-11
90,USED,2022,FORD,MAVERICK,XLT,35598,Gray,Black Onyx,All-wheel Drive,Gasoline,9593,"121 Altama Connector Brunswick, GA 31525",2023-05-11
91,USED,2022,FORD,MAVERICK,XLT,35545,Gray,Navy Pier,Front-wheel Drive,Hybrid,11554,"6115 Carlisle Pike Mechanicsburg, PA 17050",2023-05-11
92,USED,2022,FORD,MAVERICK,XLT,35706,Shadow Black,Navy Pier,All-wheel Drive,Gasoline,18431,"6115 Carlisle Pike Mechanicsburg, PA 17050",2023-05-11
93,USED,2022,FORD,MAVERICK,XLT,30998,Red Metallic,Black Onyx,Front-wheel Drive,Gasoline,22283,"2008 Paxton St Harrisburg, PA 17111",2023-05-11
94,USED,2022,FORD,MAVERICK,XL,30998,Velocity Blue,Black Onyx,All-wheel Drive,Gasoline,27261,"3072 N Reading Rd Adamstown, PA 19501",2023-05-11
95,USED,2022,FORD,MAVERICK,XLT,33399,Orange,Gray,All-wheel Drive,Gasoline,32584,"1971 Burlington-Mount Holly Rd Mount Holly, NJ 08060",2023-05-11
96,USED,2022,FORD,MAVERICK,XLT,38993,Blue,Navy Pier,Front-wheel Drive,Hybrid,20389,"1030 Schaeffer Road Lebanon, PA 17042",2023-05-11
97,USED,2022,FORD,MAVERICK,XLT,34991,Area 51,Navy Pier,Front-wheel Drive,Gasoline,77,"40 US Rte 130 Burlington, NJ 08016",2023-05-11
98,USED,2022,FORD,MAVERICK,XLT,35206,Oxford White,Navy Pier/Medium Slate,Front-wheel Drive,Gasoline,7317,"218 Lincoln Highway Fairless Hills, PA 19030",2023-05-11
99,USED,2022,FORD,MAVERICK,XL,33968,Blue,Black Onyx,All-wheel Drive,Gasoline,7133,"1633 Golden Isles Pkwy Baxley, GA 31513",2023-05-11
100,USED,2022,FORD,MAVERICK,XLT,33500,Oxford White,Navy Pier,Front-wheel Drive,Hybrid,27931,"2818 N Columbia St Milledgeville, GA 31061",2023-05-11
101,USED,2022,FORD,MAVERICK,XLT,38999,Blue,–,Front-wheel Drive,A/T,4000,"Matthew from Sellersville, PA 18960",2023-05-11
102,USED,2022,FORD,MAVERICK,LARIAT,38995,Black,Desert,Front-wheel Drive,Hybrid,22765,"607 Highway 33 Hamilton, NJ 08619",2023-05-11
103,USED,2022,FORD,MAVERICK,XL,32588,Gray,Black Onyx,All-wheel Drive,Gasoline,11528,"1088 Ocean Ave Lakewood, NJ 08701",2023-05-11
104,USED,2022,FORD,MAVERICK,XL,29995,Blue,Gray,Front-wheel Drive,Gasoline,1090,"101 Main St Johnstown, PA 15901",2023-05-11
105,USED,2023,FORD,MAVERICK,LARIAT,51825,Cactus Green / Gray,Black Onyx,All-wheel Drive,Gasoline,129,"2030 GA-40 Kingsland, GA 31548",2023-05-11
106,CERTIFIED,2022,FORD,MAVERICK,XLT,43582,Cactus,Navy Pier,All-wheel Drive,Gasoline,3881,"2030 GA-40 Kingsland, GA 31548",2023-05-11
107,CERTIFIED,2022,FORD,MAVERICK,XL,32975,CARBONIZED GREY METALLIC,BLACK ONYX-MED DK SLATE TRI,–,–,8914,"100 Harper Dr Belle Vernon, PA 15012",2023-05-11
108,USED,2022,FORD,MAVERICK,LARIAT,40654,Orange,Desert,All-wheel Drive,Gasoline,5377,"464037 East State Rd. Ste 200 Yulee, FL 32097",2023-05-11
109,USED,2022,FORD,MAVERICK,XLT,34995,Blue,Black Onyx,Front-wheel Drive,Hybrid,23387,"11317 U.S. 30 Irwin, PA 15642",2023-05-11
110,USED,2022,FORD,MAVERICK,XLT,37695,Carbonized Gray Metallic,Navy Pier,All-wheel Drive,Gasoline,5843,"4525 Nelson Brogdon Blvd Buford, GA 30518",2023-05-11
111,USED,2022,FORD,MAVERICK,XLT,32933,Gray,–,All-wheel Drive,Gasoline,13339,"1001 Clairton Blvd Pleasant Hills, PA 15236",2023-05-11
112,USED,2022,FORD,MAVERICK,XLT,34900,Area 51,Navy Pier,Front-wheel Drive,Hybrid,15025,"228 Fox Family Lane Clinton, TN 37716",2023-05-11
113,USED,2023,FORD,MAVERICK,LARIAT,49000,Avalanche Gray,Black Onyx,All-wheel Drive,Gasoline,357,"1875 Buford Hwy Cumming, GA 30041",2023-05-11
114,USED,2022,FORD,MAVERICK,XLT,34998,Black,Gray,AWD,Gasoline,38107,"11225 Parkside Dr Knoxville, TN 37934",2023-05-11
115,USED,2023,FORD,MAVERICK,XLT,39998,Blue,Gray,Front-wheel Drive,Hybrid,93,"11335 Atlantic Blvd Jacksonville, FL 32225",2023-05-11
116,USED,2023,FORD,MAVERICK,XL,35998,Shadow Black,Black,Front-wheel Drive,Hybrid,170,"820 US Highway 1 Woodbridge, NJ 07095",2023-05-11
117,USED,2022,FORD,MAVERICK,XLT,38400,Oxford White,Navy Pier,All-wheel Drive,Gasoline,11995,"2265 Old Turnpike Rd Lewisburg, PA 17837",2023-05-11
118,USED,2022,FORD,MAVERICK,XLT,39855,Blue,Navy Pier,Front-wheel Drive,Hybrid,4912,"1916 Jacksboro Pike LaFollette, TN 37766",2023-05-11
119,USED,2023,FORD,MAVERICK,XLT,39998,Gray,Blue,FWD,Hybrid,1196,"551 S Houston Lake Rd Warner Robins, GA 31088",2023-05-11
120,USED,2022,FORD,MAVERICK,FOR,,Area 51,–,All-wheel Drive,Gasoline,10667,"1212 Main Street Burgettstown, PA 15021",2023-05-11
121,USED,2022,FORD,MAVERICK,XLT,35914,Oxford White,Navy Pier,Front-wheel Drive,Gasoline,21392,"288 Harold G Clarke Pkwy Forsyth, GA 31029",2023-05-11
122,CERTIFIED,2022,FORD,MAVERICK,XL,30950,Silver,–,Front-wheel Drive,Gasoline,11493,"230 GA-49 Byron, GA 31008",2023-05-11
123,USED,2022,FORD,MAVERICK,XLT,35468,Black,–,Front-wheel Drive,Gasoline,10112,"395 West Hwy 192 W London, KY 40741",2023-05-11
124,USED,2022,FORD,MAVERICK,XL,34990,Blue,Black,Front-wheel Drive,A/T,2890,"Tim from Atlanta, GA 30346",2023-05-11
125,USED,2022,FORD,MAVERICK,XL,31788,Blue,Black Onyx,All-wheel Drive,Gasoline,2311,"7555 Roswell Road Atlanta, GA 30350",2023-05-11
126,USED,2023,FORD,MAVERICK,XL,36991,Cactus Green / Gray,Black Onyx,All-wheel Drive,Gasoline,1902,"540 Outlet Mall Blvd St Augustine, FL 32084",2023-05-11
127,USED,2023,FORD,MAVERICK,XLT,36522,Alto Blue Metallic Tinted Clearcoat,Navy Pier,Front-wheel Drive,Gasoline,392,"540 Outlet Mall Blvd St Augustine, FL 32084",2023-05-11
128,CERTIFIED,2022,FORD,MAVERICK,XLT,34722,Area 51,Navy Pier,Front-wheel Drive,Gasoline,7899,"540 Outlet Mall Blvd St Augustine, FL 32084",2023-05-11
129,CERTIFIED,2022,FORD,MAVERICK,LARIAT,40992,Velocity Blue Metallic,Desert,All-wheel Drive,Gasoline,11271,"540 Outlet Mall Blvd St Augustine, FL 32084",2023-05-11
130,USED,2023,FORD,MAVERICK,XLT,34995,Alto Blue Metallic Tinted Clearcoat,Navy Pier,Front-wheel Drive,Hybrid,1260,"420 Merrick Rd Lynbrook, NY 11563",2023-05-11
131,CERTIFIED,2022,FORD,MAVERICK,XLT,35500,CARBONIZED GREY METALLIC,NAVY PIER -MED SLATE TRIM,–,–,8511,"195 Woodstock Pkwy Woodstock, GA 30188",2023-05-11
132,USED,2022,FORD,MAVERICK,XL,33998,Blue,Black,All-wheel Drive,Gasoline,13220,"1750 New Jersey 23 Wayne, NJ 07470",2023-05-11
133,CERTIFIED,2022,FORD,MAVERICK,SUPERC,31995,VELOCITY BLUE METALLIC,BLACK ONYX-MED DK SLATE TRI,–,–,14306,"375 NJ-17 Paramus, NJ 07652",2023-05-11
134,USED,2022,FORD,MAVERICK,LARIAT,36990,Shadow Black,Desert,Front-wheel Drive,Gasoline,15447,"4310 Jonesboro Rd Union City, GA 30291",2023-05-11
135,USED,2023,FORD,MAVERICK,XL,35998,Gray,Black,Front-wheel Drive,Hybrid,2545,"1977 Thornton Rd Lithia Springs, GA 30122",2023-05-11
136,USED,2022,FORD,MAVERICK,XLT,34988,Cactus Green / Gray,Navy Pier,Front-wheel Drive,Gasoline,304,"900 Central Park Avenue Yonkers, NY 10704",2023-05-11
137,USED,2022,FORD,MAVERICK,XL,34000,Gray,Desert,All-wheel Drive,Gasoline,12291,"60 Route 304 Nanuet, NY 10954",2023-05-11
138,USED,2022,FORD,MAVERICK,XL,30895,Oxford White,Black Onyx,All-wheel Drive,Gasoline,18625,"988 South Saint Marys Street Saint Marys, PA 15857",2023-05-11
139,USED,2022,FORD,MAVERICK,XL,35103,Oxford White,Black Onyx,All-wheel Drive,Gasoline,4088,"695 Bullsboro Dr Newnan, GA 30265",2023-05-11
140,USED,2022,FORD,MAVERICK,LARIAT,38998,Black,Brown,All-wheel Drive,Gasoline,12003,"800 N Tomoka Farms Rd Daytona Beach, FL 32124",2023-05-11
141,USED,2022,FORD,MAVERICK,XLT,37262,Shadow Black,Navy Pier/Medium Slate,All-wheel Drive,Gasoline,26306,"215 W Magnolia St Valdosta, GA 31601",2023-05-11
142,USED,2023,FORD,MAVERICK,XLT,36998,Black,Gray,FWD,Gasoline,5957,"2211 Overnite Dr Chattanooga, TN 37421",2023-05-11
143,USED,2022,FORD,MAVERICK,LARIAT,36642,Area 51,Desert,All-wheel Drive,Gasoline,26417,"4325 W US Hwy 90 Lake City, FL 32055",2023-05-11
144,USED,2022,FORD,MAVERICK,XLT,36900,Cactus Green / Gray,Navy Pier,Front-wheel Drive,Hybrid,1607,"2317 State Road 44 New Smyrna Beach, FL 32168",2023-05-11
145,USED,2022,FORD,MAVERICK,LARIAT,40900,Blue,Desert,Front-wheel Drive,Hybrid,10176,"2317 State Road 44 New Smyrna Beach, FL 32168",2023-05-11
146,USED,2022,FORD,MAVERICK,XLT,35650,Oxford White,Navy Pier,Front-wheel Drive,Gasoline,836,"101 Hwy 411 E Rome, GA 30161",2023-05-11
147,USED,2023,FORD,MAVERICK,XLT,38815,Oxford White,Black Onyx,All-wheel Drive,Gasoline,8976,"101 Hwy 411 E Rome, GA 30161",2023-05-11
148,USED,2022,FORD,MAVERICK,XLT,35724,Blue,Navy Pier,All-wheel Drive,Gasoline,9253,"5348 Highway 153 Chattanooga, TN 37343",2023-05-11
149,USED,2023,FORD,MAVERICK,LARIAT,46500,Orange,Desert,All-wheel Drive,Gasoline,12,"5348 Highway 153 Chattanooga, TN 37343",2023-05-11
150,CERTIFIED,2022,FORD,MAVERICK,XL,35000,Shadow Black,Black Onyx,All-wheel Drive,Gasoline,7019,"366 W Main St Canfield, OH 44406",2023-05-11
151,USED,2022,FORD,MAVERICK,FOR,,Oxford White,Black Onyx,All-wheel Drive,Gasoline,548,"454 Golden Mile Road Towanda, PA 18848",2023-05-11
152,USED,2022,FORD,MAVERICK,XLT,35682,Shadow Black,Navy Pier,All-wheel Drive,Gasoline,10391,"4255 S Hamilton Rd Groveport, OH 43125",2023-05-11
153,USED,2022,FORD,MAVERICK,XL,32632,Carbonized Gray Metallic,Black Onyx,All-wheel Drive,Gasoline,15676,"5880 Scarborough Blvd Columbus, OH 43232",2023-05-11
154,USED,2023,FORD,MAVERICK,FOR,,Red,–,Front-wheel Drive,Gasoline,522,"150 U S Highway 27 Byp Bremen, GA 30110",2023-05-11
155,USED,2022,FORD,MAVERICK,XL,31998,Gray,Black,All-wheel Drive,Gasoline,14076,"4185 N Main St Gainesville, FL 32609",2023-05-11
156,USED,2022,FORD,MAVERICK,XLT,33500,Area 51,Navy Pier,Front-wheel Drive,Gasoline,398,"3737 N Main St Gainesville, FL 32609",2023-05-11
157,USED,2023,FORD,MAVERICK,XL,31990,Oxford White,Black Onyx,Front-wheel Drive,Gasoline,114,"310 NE 39th Ave Gainesville, FL 32609",2023-05-11
158,USED,2023,FORD,MAVERICK,XLT,37288,Blue Metallic,–,All-wheel Drive,Gasoline,2007,"200 Gabbard Way Mt Orab, OH 45154",2023-05-11
159,USED,2023,FORD,MAVERICK,XLT,,Cyber Orange Metallic Tricoat,Navy Pier,All-wheel Drive,Gasoline,927,"1024 Route 22 Brewster, NY 10509",2023-05-11
160,USED,2022,FORD,MAVERICK,XLT,37980,Gray Metallic,Black,Front-wheel Drive,Hybrid,14736,"2322 S Woodland Blvd DeLand, FL 32720",2023-05-11
161,USED,2023,FORD,MAVERICK,XL,39980,Cactus Green / Gray,Black,Front-wheel Drive,Hybrid,7337,"2322 S Woodland Blvd DeLand, FL 32720",2023-05-11
162,USED,2022,FORD,MAVERICK,XLT,34495,Oxford White,Navy Pier,Front-wheel Drive,Gasoline,4077,"1800 Morse Rd Columbus, OH 43229",2023-05-11
163,USED,2022,FORD,MAVERICK,XLT,35458,Area 51,Navy Pier,Front-wheel Drive,Hybrid,16314,"5575 Keim Cir Columbus, OH 43228",2023-05-11
164,USED,2022,FORD,MAVERICK,LARIAT,37706,Area 51,Desert,Front-wheel Drive,Gasoline,8120,"5575 Keim Circle Columbus, OH 43228",2023-05-11
165,USED,2022,FORD,MAVERICK,LARIAT,37998,Blue,Brown,Front-wheel Drive,Gasoline,6088,"6463 Veterans Pkwy Columbus, GA 31909",2023-05-11
166,USED,2023,FORD,MAVERICK,LARIAT,35333,Shadow Black,Desert,Front-wheel Drive,Hybrid,2000,"1680 Whittlesey Rd Columbus, GA 31904",2023-05-11
167,USED,2022,FORD,MAVERICK,XL,34950,Area 51,Black Onyx/Medium Dark Slate,Front-wheel Drive,Gasoline,12106,"1182 West Main Street Wilmington, OH 45177",2023-05-11
168,USED,2022,FORD,MAVERICK,XL,28999,Blue,Desert,All-wheel Drive,Gasoline,31773,"1875 Brittain Road Akron, OH 44310",2023-05-11
169,USED,2022,FORD,MAVERICK,XLT,32998,Black,Gray,Front-wheel Drive,Gasoline,10886,"901 Towne Center Blvd Sanford, FL 32771",2023-05-11
170,USED,2022,FORD,MAVERICK,XLT,35990,Shadow Black,Navy Pier,All-wheel Drive,Gasoline,16878,"1260 Main St. Cuyahoga Falls, OH 44221",2023-05-11
171,USED,2022,FORD,MAVERICK,XLT,34600,Cactus Green / Gray,Navy Pier,Front-wheel Drive,Hybrid,26271,"2409 Front Street Cuyahoga Falls, OH 44221",2023-05-11
172,USED,2023,FORD,MAVERICK,XL,35500,White,–,Front-wheel Drive,Hybrid,47,"2409 Front Street Cuyahoga Falls, OH 44221",2023-05-11
173,CERTIFIED,2022,FORD,MAVERICK,XLT,35955,AREA 51,NAVY PIER -MED SLATE TRIM,–,–,704,"191 Boston Post Rd Madison, CT 06443",2023-05-11
174,USED,2023,FORD,MAVERICK,LARIAT,42351,Carbonized Gray Metallic,Desert,Front-wheel Drive,Hybrid,768,"2816 Northwest Pine Avenue Ocala, FL 34475",2023-05-11
175,USED,2023,FORD,MAVERICK,LARIAT,42454,Atlas Blue Metallic,Desert,Front-wheel Drive,Hybrid,2302,"2816 Northwest Pine Avenue Ocala, FL 34475",2023-05-11
176,USED,2023,FORD,MAVERICK,XLT,39459,Avalanche Gray,Black Onyx,All-wheel Drive,Gasoline,9,"2816 Northwest Pine Avenue Ocala, FL 34475",2023-05-11
177,USED,2022,FORD,MAVERICK,XLT,34755,Shadow Black,Navy Pier,All-wheel Drive,Gasoline,12905,"9630 State Route 14 Streetsboro, OH 44241",2023-05-11
178,USED,2022,FORD,MAVERICK,XLT,31500,Carbonized Gray Metallic,Navy Pier,All-wheel Drive,Gasoline,27179,"1918 SW 17th Street Ocala, FL 34471",2023-05-11
179,USED,2022,FORD,MAVERICK,XLT,32990,Area 51,Navy Pier,Front-wheel Drive,Hybrid,16148,"1918 SW 17th Street Ocala, FL 34471",2023-05-11
180,USED,2022,FORD,MAVERICK,XLT,32990,Carbonized Gray Metallic,Navy Pier,Front-wheel Drive,Gasoline,9021,"1918 SW 17th Street Ocala, FL 34471",2023-05-11
181,USED,2023,FORD,MAVERICK,XL,35887,Shadow Black,Black Onyx,All-wheel Drive,Gasoline,120,"1101 Columbus Pike Delaware, OH 43015",2023-05-11
182,USED,2023,FORD,MAVERICK,XLT,40490,Cactus Green / Gray,Navy Pier,Front-wheel Drive,Hybrid,144,"1101 Columbus Pike Delaware, OH 43015",2023-05-11
183,USED,2022,FORD,MAVERICK,LARIAT,45898,Blue,Desert,All-wheel Drive,Gasoline,3669,"3960 Medina Rd Akron, OH 44333",2023-05-11
184,USED,2022,FORD,MAVERICK,LARIAT,39085,Velocity Blue Metallic,Desert,Front-wheel Drive,Gasoline,884,"3960 Medina Rd Akron, OH 44333",2023-05-11
185,USED,2022,FORD,MAVERICK,XLT,39400,Shadow Black,Navy Pier,All-wheel Drive,Gasoline,572,"3960 Medina Rd Akron, OH 44333",2023-05-11
186,USED,2022,FORD,MAVERICK,XLT,34985,Gray,–,All-wheel Drive,Gasoline,24107,"1011 S Main St Cheshire, CT 06410",2023-05-11
187,USED,2022,FORD,MAVERICK,LARIAT,44995,Chili Pepper Red,Desert,All-wheel Drive,Gasoline,2272,"4800 Florida - 520 Cocoa, FL 32926",2023-05-11
188,USED,2022,FORD,MAVERICK,XLT,37051,Area 51,Navy Pier,Front-wheel Drive,Hybrid,10925,"4800 Florida - 520 Cocoa, FL 32926",2023-05-11
189,USED,2022,FORD,MAVERICK,XLT,37990,Velocity Blue Metallic,Navy Pier,All-wheel Drive,Gasoline,25273,"4800 Florida - 520 Cocoa, FL 32926",2023-05-11
190,USED,2022,FORD,MAVERICK,XLT,34995,Velocity Blue Metallic,Navy Pier,Front-wheel Drive,Gasoline,13600,"9001 E Colonial Dr Orlando, FL 32817",2023-05-11
191,USED,2022,FORD,MAVERICK,XL,27839,Black,Black Onyx,Front-wheel Drive,Gasoline,25299,"9051 E Colonial Dr Orlando, FL 32817",2023-05-11
192,USED,2022,FORD,MAVERICK,LARIAT,39986,Silver Metallic,Desert,Front-wheel Drive,Hybrid,12101,"9051 E Colonial Dr Orlando, FL 32817",2023-05-11
193,CERTIFIED,2022,FORD,MAVERICK,XLT,33901,Carbonized Gray Metallic,Navy Pier,Front-wheel Drive,Gasoline,8778,"1551 East Semoran Blvd Apopka, FL 32703",2023-05-11
194,USED,2022,FORD,MAVERICK,LARIAT,,Area 51,Desert Brown,Front-wheel Drive,Gasoline,11057,"7040 E Colonial Dr Orlando, FL 32807",2023-05-11
195,USED,2022,FORD,MAVERICK,LARIAT,42000,Blue,Brown,Front-wheel Drive,CVT Transmission,20000,"Jennifer from Orlando, FL 32825",2023-05-11
196,USED,2023,FORD,MAVERICK,XLT,34990,Blue,Gray,Front-wheel Drive,CVT Transmission,49,"Zhen from Orlando, FL 32825",2023-05-11
197,USED,2022,FORD,MAVERICK,XLT,34877,Area 51,Navy Pier,Front-wheel Drive,Gasoline,5817,"3101 Center Rd Brunswick, OH 44212",2023-05-11
198,USED,2022,FORD,MAVERICK,XL,33995,Area 51,Black Onyx,All-wheel Drive,Gasoline,14228,"8053 Burlington Pike Florence, KY 41042",2023-05-11
199,USED,2022,FORD,MAVERICK,XLT,37998,Blue,Gray,All-wheel Drive,Gasoline,255,"4900 Pointe Pkwy Warrensville Heights, OH 44128",2023-05-11
200,USED,2022,FORD,MAVERICK,XLT,34836,Cactus Green / Gray,Navy Pier,All-wheel Drive,Gasoline,6764,"155 W. Kemper Rd. Cincinnati, OH 45246",2023-05-11
201,USED,2022,FORD,MAVERICK,XL,28797,Shadow Black,Black Onyx,Front-wheel Drive,Hybrid,5886,"2510 Jetport Dr Orlando, FL 32809",2023-05-11
202,USED,2022,FORD,MAVERICK,LARIAT,45752,Carbonized Gray Metallic,Desert,AWD,Gasoline,7754,"776 Magnolia Ave Melbourne, FL 32935",2023-05-11
203,USED,2023,FORD,MAVERICK,LARIAT,47995,Oxford White,Desert,All-wheel Drive,Gasoline,272,"2305 S. College St. Auburn, AL 36832",2023-05-11
204,CERTIFIED,2022,FORD,MAVERICK,XLT,37998,Area 51,Navy Pier,All-wheel Drive,Gasoline,12615,"1810 East Irlo Bronson Memorial Hwy Kissimmee, FL 34744",2023-05-11
205,USED,2022,FORD,MAVERICK,FOR,,Gray,–,All-wheel Drive,Gasoline,7894,"600 Connecticut Blvd East Hartford, CT 06108",2023-05-11
206,USED,2022,FORD,MAVERICK,XLT,34988,Orange,Navy Pier,FWD,Gasoline,3216,"4032 Commerce Pkwy La Grange, KY 40031",2023-05-11
207,USED,2022,FORD,MAVERICK,XLT,38995,Blue,Navy Pier,All-wheel Drive,Gasoline,9509,"2348 US Highway 68 S Bellefontaine, OH 43311",2023-05-11
208,USED,2022,FORD,MAVERICK,LARIAT,36899,Shadow Black,Desert,Front-wheel Drive,Gasoline,2356,"2440 NW Highway 19 Crystal River, FL 34428",2023-05-11
209,USED,2022,FORD,MAVERICK,XL,30999,White,Black Onyx,All-wheel Drive,Gasoline,29810,"175 E Main St Norwich, NY 13815",2023-05-11
210,USED,2023,FORD,MAVERICK,XLT,36998,Blue,Gray,Front-wheel Drive,Gasoline,1432,"9550 Bluegrass Pkwy Louisville, KY 40299",2023-05-11
211,USED,2022,FORD,MAVERICK,XLT,36998,Gray,Gray,All-wheel Drive,Gasoline,11857,"9550 Bluegrass Pkwy Louisville, KY 40299",2023-05-11
212,USED,2022,FORD,MAVERICK,LARIAT,45000,Hot Pepper Red Tinted Clearcoat Metallic,Desert Brown,All-wheel Drive,Gasoline,123,"33450 Lake Road Avon Lake, OH 44012",2023-05-11
213,CERTIFIED,2022,FORD,MAVERICK,LARIAT,40750,Shadow Black,Desert,All-wheel Drive,Gasoline,18647,"100 Oxmoor Lane Louisville, KY 40222",2023-05-11
214,USED,2022,FORD,MAVERICK,FOR,,Blue,Desert,All-wheel Drive,Gasoline,4715,"4215 Liberty Avenue Vermilion, OH 44089",2023-05-11
215,CERTIFIED,2022,FORD,MAVERICK,LARIAT,39997,Iconic Silver Metallic,Desert,All-wheel Drive,Gasoline,15763,"2600 Access Rd NW Davenport, FL 33897",2023-05-11
216,USED,2022,FORD,MAVERICK,LARIAT,,Area 51,Desert,Front-wheel Drive,Hybrid,12375,"2600 Access Rd NW Davenport, FL 33897",2023-05-11
217,USED,2022,FORD,MAVERICK,LARIAT,42980,Area 51,Desert,All-wheel Drive,Gasoline,867,"809 S 5th St Louisville, KY 40203",2023-05-11
218,USED,2022,FORD,MAVERICK,XLT,35235,Oxford White,Black Onyx,All-wheel Drive,Gasoline,18034,"808 E Lewis and Clark Pkwy Clarksville, IN 47129",2023-05-11
219,USED,2022,FORD,MAVERICK,XL,34611,Blue,Navy Pier,All-wheel Drive,Gasoline,4299,"790 North Brindlee Mountain Pkwy Arab, AL 35016",2023-05-11
220,USED,2022,FORD,MAVERICK,LARIAT,42991,Shadow Black,Desert,All-wheel Drive,Gasoline,1495,"5201 Camp Rd Hamburg, NY 14075",2023-05-11
221,USED,2023,FORD,MAVERICK,XLT,36550,Red,Navy Pier,All-wheel Drive,Gasoline,1512,"2500 Jordan Ln NW Huntsville, AL 35816",2023-05-11
222,USED,2022,FORD,MAVERICK,LARIAT,36283,Iconic Silver Metallic,Desert,Front-wheel Drive,Hybrid,30423,"4200 S. US Hwy 1 Fort Pierce, FL 34982",2023-05-11
223,USED,2022,FORD,MAVERICK,LARIAT,37500,Orange,–,Front-wheel Drive,Gasoline,5761,"6375 Cypress Gardens Blvd Winter Haven, FL 33884",2023-05-11
224,USED,2022,FORD,MAVERICK,XL,33891,Oxford White,Black Onyx,All-wheel Drive,Gasoline,6739,"3505 Chester Blvd. Richmond, IN 47374",2023-05-11
225,USED,2023,FORD,MAVERICK,XLT,39994,Avalanche Gray,Black Onyx,All-wheel Drive,Gasoline,204,"305 Grant Ave Auburn, NY 13021",2023-05-11
226,USED,2022,FORD,MAVERICK,XL,34899,Area 51,Black Onyx,All-wheel Drive,Gasoline,247,"305 Grant Ave Auburn, NY 13021",2023-05-11
227,USED,2022,FORD,MAVERICK,XL,32995,Area 51,Black Onyx,FWD,Hybrid,6301,"305 Grant Ave Auburn, NY 13021",2023-05-11
228,USED,2023,FORD,MAVERICK,XLT,37998,Gray,Gray,FWD,Gasoline,268,"2353 Gallatin Pike N Nashville, TN 37115",2023-05-11
229,USED,2022,FORD,MAVERICK,XL,31964,Orange,Navy Pier,Front-wheel Drive,Hybrid,26303,"3061 Transit Rd Elma, NY 14059",2023-05-11
230,USED,2022,FORD,MAVERICK,XLT,34500,Alto Blue Tinted Clearcoat Metallic,Navy Pier/Medium Slate,Front-wheel Drive,Gasoline,11382,"1638 Hughes Rd Madison, AL 35758",2023-05-11
231,USED,2022,FORD,MAVERICK,XLT,38450,Alto Blue Tinted Clearcoat Metallic,Navy Pier/Medium Slate,All-wheel Drive,Gasoline,8982,"1638 Hughes Rd Madison, AL 35758",2023-05-11
232,USED,2023,FORD,MAVERICK,FOR,,Atlas Blue Metallic,Desert,All-wheel Drive,Gasoline,412,"5359 South US Highway 1 Fort Pierce, FL 34982",2023-05-11
233,USED,2022,FORD,MAVERICK,XL,33564,Cactus Green / Gray,Black Onyx,Front-wheel Drive,Hybrid,19539,"646 Thompson Lane Nashville, TN 37204",2023-05-11
234,CERTIFIED,2022,FORD,MAVERICK,XLT,35574,Blue,Navy Pier,Front-wheel Drive,Gasoline,25315,"28739 State Road 54 Wesley Chapel, FL 33543",2023-05-11
235,CERTIFIED,2022,FORD,MAVERICK,XLT,36300,Cactus Green / Gray,Navy Pier,Front-wheel Drive,Gasoline,18675,"28739 State Road 54 Wesley Chapel, FL 33543",2023-05-11
236,USED,2022,FORD,MAVERICK,XLT,36999,Gray Metallic,Navy Pier,Front-wheel Drive,Gasoline,7629,"2795 N State Hwy 7 North Vernon, IN 47265",2023-05-11
237,USED,2023,FORD,MAVERICK,XLT,39998,Black,Gray,FWD,Hybrid,2505,"2501 Powell Ave Nashville, TN 37204",2023-05-11
238,USED,2022,FORD,MAVERICK,LARIAT,39524,Gray,Desert,All-wheel Drive,Gasoline,5101,"212 Comtide Ct Franklin, TN 37067",2023-05-11
239,CERTIFIED,2022,FORD,MAVERICK,XL,33900,CARBONIZED GREY METALLIC,BLACK ONYX-MED DK SLATE TRI,–,–,10715,"968 Bridge Rd Northampton, MA 01060",2023-05-11
240,USED,2022,FORD,MAVERICK,XLT,36639,Gray,Navy Pier,Front-wheel Drive,Hybrid,13963,"1875 W McEwen Dr Franklin, TN 37067",2023-05-11
241,USED,2022,FORD,MAVERICK,XL,31700,Blue,Brown,Front-wheel Drive,CVT Transmission,13000,"Sid from Providence, RI 02908",2023-05-11
242,USED,2022,FORD,MAVERICK,XLT,34990,Oxford White,Navy Pier,All-wheel Drive,Gasoline,4370,"1129 Murfreesboro Rd. Franklin, TN 37064",2023-05-11
243,USED,2022,FORD,MAVERICK,XL,0,Oxford White,Black Onyx/Medium Dark Slate,Front-wheel Drive,Gasoline,1461,"2010 North Lincoln Street Greensburg, IN 47240",2023-05-11
244,USED,2022,FORD,MAVERICK,XLT,35900,Area 51,Navy Pier,Front-wheel Drive,Hybrid,12946,"2002 N Frontage Rd Plant City, FL 33563",2023-05-11
245,USED,2022,FORD,MAVERICK,XLT,31560,Cactus,Navy Pier,All-wheel Drive,Gasoline,43951,"1425 W Main St Bartow, FL 33830",2023-05-11
246,CERTIFIED,2022,FORD,MAVERICK,XLT,37898,Cactus Green / Gray,Black Onyx,All-wheel Drive,Gasoline,3670,"2000 E Baker St Plant City, FL 33563",2023-05-11
247,USED,2023,FORD,MAVERICK,XLT,36995,Carbonized Gray Metallic,Navy Pier,Front-wheel Drive,Gasoline,1865,"2500 W Henrietta Rd Rochester, NY 14623",2023-05-11
248,USED,2022,FORD,MAVERICK,XL,36040,Shadow Black,Black Onyx,All-wheel Drive,Gasoline,6083,"1873 E Tipton St Seymour, IN 47274",2023-05-11
249,USED,2022,FORD,MAVERICK,6N,40899,White,Desert,All-wheel Drive,Gasoline,4819,"5255 AL-157 Cullman, AL 35058",2023-05-11
250,USED,2023,FORD,MAVERICK,XLT,38900,Gray,Blue,All-wheel Drive,Gasoline,6066,"5255 AL-157 Cullman, AL 35058",2023-05-11
251,USED,2022,FORD,MAVERICK,XLT,35798,Gray Metallic,Navy Pier,All-wheel Drive,Gasoline,6900,"4200 SE Federal Hwy Stuart, FL 34997",2023-05-11
252,USED,2022,FORD,MAVERICK,LARIAT,43555,Area 51,Desert,All-wheel Drive,Gasoline,4903,"585 State Route 31 Bridgeport, NY 13030",2023-05-11
253,USED,2022,FORD,MAVERICK,XLT,35991,Velocity Blue Metallic,Navy Pier,All-wheel Drive,Gasoline,6967,"11780 Tampa Gateway Blvd Seffner, FL 33584",2023-05-11
254,USED,2022,FORD,MAVERICK,LARIAT,42888,Orange,Desert,All-wheel Drive,Gasoline,4556,"1211 Beltline Rd SW Decatur, AL 35601",2023-05-11
255,USED,2022,FORD,MAVERICK,LARIAT,40747,Chili Pepper Red,Desert,All-wheel Drive,Gasoline,2138,"8 Uxbridge Rd Mendon, MA 01756",2023-05-11
256,USED,2022,FORD,MAVERICK,LARIAT,41477,Red,Brown,All-wheel Drive,Gasoline,450,"8 Uxbridge Rd Mendon, MA 01756",2023-05-11
257,USED,2022,FORD,MAVERICK,XL,28998,Oxford White,Black Onyx,Front-wheel Drive,Hybrid,3367,"1207 E Brandon Blvd Brandon, FL 33511",2023-05-11
258,USED,2023,FORD,MAVERICK,LARIAT,42890,WH,BROWN,All-wheel Drive,Gasoline,1679,"3923 Route 104 Williamson, NY 14589",2023-05-11
259,USED,2022,FORD,MAVERICK,LARIAT,43997,Cactus,Desert,All-wheel Drive,Gasoline,13866,"2630 Pelham Parkway Pelham, AL 35124",2023-05-11
260,USED,2022,FORD,MAVERICK,XLT,33884,Cactus,Navy Pier,All-wheel Drive,Gasoline,7275,"9740 Adamo Dr Tampa, FL 33619",2023-05-11
261,USED,2023,FORD,MAVERICK,XL,35454,Oxford White,–,Front-wheel Drive,Hybrid,250,"9740 Adamo Dr Tampa, FL 33619",2023-05-11
262,USED,2023,FORD,MAVERICK,XL,34456,Cactus,–,Front-wheel Drive,Hybrid,230,"9740 Adamo Dr Tampa, FL 33619",2023-05-11
263,USED,2022,FORD,MAVERICK,LARIAT,36988,Blue,–,Front-wheel Drive,Hybrid,35249,"9751 Adamo Dr Tampa, FL 33619",2023-05-11
264,USED,2022,FORD,MAVERICK,XL,35929,Gray,–,All-wheel Drive,Gasoline,3680,"9090 E Adamo Dr Tampa, FL 33619",2023-05-11
265,USED,2023,FORD,MAVERICK,LARIAT,42900,Red,–,All-wheel Drive,Gasoline,3610,"1003 Hudson River Rd Mechanicville, NY 12118",2023-05-11
266,USED,2022,FORD,MAVERICK,XLT,36705,Cactus Green / Gray,Navy Pier,All-wheel Drive,Gasoline,5270,"1 Main St Greenfield, MA 01301",2023-05-11
267,USED,2022,FORD,MAVERICK,LARIAT,41477,Gray,Desert,All-wheel Drive,Gasoline,12707,"154 E Main St Milford, MA 01757",2023-05-11
268,CERTIFIED,2022,FORD,MAVERICK,XLT,33883,Area 51,Navy Pier,All-wheel Drive,Gasoline,12426,"5815 N Dale Mabry Hwy Tampa, FL 33614",2023-05-11
269,USED,2023,FORD,MAVERICK,XLT,38899,Cyber Orange Metallic Tricoat,Black Onyx,All-wheel Drive,Gasoline,500,"5815 N Dale Mabry Hwy Tampa, FL 33614",2023-05-11
270,CERTIFIED,2022,FORD,MAVERICK,XLT,38900,ICONIC SILVER METALLIC,NAVY PIER -MED SLATE TRIM,–,–,16933,"3004 East Avenue, Rt 49 Central Square, NY 13036",2023-05-11
271,USED,2023,FORD,MAVERICK,XLT,34999,Atlas Blue Metallic,Navy Pier,All-wheel Drive,Gasoline,84,"2966 N Dale Mabry Hwy Tampa, FL 33607",2023-05-11
272,USED,2023,FORD,MAVERICK,XLT,32543,Shadow Black,Black Onyx,Front-wheel Drive,Gasoline,65,"2522 N Dale Mabry Hwy Tampa, FL 33607",2023-05-11
273,USED,2022,FORD,MAVERICK,XL,30995,Oxford White,Black Onyx,Front-wheel Drive,Gasoline,38032,"10730 Hubler Drive Taylorsville, IN 47280",2023-05-11
274,USED,2023,FORD,MAVERICK,XLT,38980,Alto Blue Metallic Tinted Clearcoat,Navy Pier,All-wheel Drive,Gasoline,180,"88 Turnpike Road Westboro, MA 01581",2023-05-11
275,USED,2022,FORD,MAVERICK,XLT,33490,White,Navy Pier,All-wheel Drive,Gasoline,34780,"135 Belmont St Easton, MA 02375",2023-05-11
276,USED,2022,FORD,MAVERICK,XLT,36277,Cactus,Navy Pier,All-wheel Drive,Gasoline,29,"27758 US Hwy 19 N Clearwater, FL 33763",2023-05-11
277,USED,2023,FORD,MAVERICK,XLT,35990,–,–,FWD,Hybrid,951,"5041 Ford Pkwy Bessemer, AL 35022",2023-05-11
278,USED,2022,FORD,MAVERICK,XL,35600,Green,–,All-wheel Drive,Gasoline,11001,"756 W Ervin Rd Van Wert, OH 45891",2023-05-11
279,USED,2022,FORD,MAVERICK,XLT,36998,Gray Metallic,Navy Pier,All-wheel Drive,Gasoline,1839,"1671 Toll Gate Dr Maumee, OH 43537",2023-05-11
280,USED,2022,FORD,MAVERICK,XLT,35487,Blue,Navy Pier,Front-wheel Drive,Hybrid,18706,"1215 N. Federal Highway #1 Lake Park, FL 33403",2023-05-11
281,USED,2023,FORD,MAVERICK,XL,32900,Cactus Green / Gray,Black Onyx,All-wheel Drive,Gasoline,1626,"1210 Northlake Blvd Lake Park, FL 33403",2023-05-11
282,USED,2022,FORD,MAVERICK,XL,31900,Area 51,Black Onyx,Front-wheel Drive,Gasoline,6717,"1210 Northlake Blvd Lake Park, FL 33403",2023-05-11
283,USED,2022,FORD,MAVERICK,XL,32998,Gray,Black,Front-wheel Drive,Hybrid,5175,"2550 Roosevelt Blvd Clearwater, FL 33760",2023-05-11
284,USED,2023,FORD,MAVERICK,XLT,34900,Gray,Blue,Front-wheel Drive,CVT Transmission,3500,"Jason from Bedford, IN 47421",2023-05-11
285,USED,2022,FORD,MAVERICK,XLT,35997,Orange,Navy Pier,All-wheel Drive,Gasoline,937,"7600 W Central Ave Toledo, OH 43617",2023-05-11
286,USED,2022,FORD,MAVERICK,LARIAT,36500,Silver,Gray,All-wheel Drive,A/T,3800,"Tyler from Ruskin, FL 33570",2023-05-11
287,USED,2022,FORD,MAVERICK,XLT,29999,Oxford White,Navy Pier,Front-wheel Drive,Gasoline,16721,"1220 N Military Trl West Palm Beach, FL 33409",2023-05-11
288,USED,2022,FORD,MAVERICK,XLT,34999,Cactus,Navy Pier,Front-wheel Drive,Gasoline,5115,"1220 N Military Trl West Palm Beach, FL 33409",2023-05-11
289,USED,2023,FORD,MAVERICK,LARIAT,44949,White,–,All-wheel Drive,Gasoline,9,"2903 South Scatterfield Road Anderson, IN 46013",2023-05-11
290,USED,2023,FORD,MAVERICK,LARIAT,45990,Shadow Black,Desert,All-wheel Drive,Gasoline,24,"2903 South Scatterfield Road Anderson, IN 46013",2023-05-11
291,USED,2022,FORD,MAVERICK,XLT,36999,Oxford White,Navy Pier,Front-wheel Drive,Hybrid,6867,"1200 S Congress Ave West Palm Beach, FL 33406",2023-05-11
292,USED,2022,FORD,MAVERICK,XLT,33499,Cactus,Navy Pier,Front-wheel Drive,Gasoline,4942,"1200 S Congress Ave West Palm Beach, FL 33406",2023-05-11
293,CERTIFIED,2022,FORD,MAVERICK,XLT,35000,Alto Blue Tinted Clearcoat Metallic,Navy Pier/Medium Slate,All-wheel Drive,Gasoline,3088,"10601 Southern Blvd Royal Palm Beach, FL 33411",2023-05-11
294,USED,2022,FORD,MAVERICK,LARIAT,41778,Cactus Green / Gray,Desert,All-wheel Drive,Gasoline,11241,"880 US-31 Greenwood, IN 46143",2023-05-11
295,USED,2022,FORD,MAVERICK,LARIAT,39060,–,–,Front-wheel Drive,Hybrid,21049,"2000 10th Ave N Lake Worth, FL 33461",2023-05-11
296,USED,2022,FORD,MAVERICK,LARIAT,39500,Orange,Desert,All-wheel Drive,Gasoline,16862,"959 W 15th St Panama City, FL 32401",2023-05-11
297,USED,2022,FORD,MAVERICK,XLT,36000,Blue,Navy Pier,Front-wheel Drive,Hybrid,33315,"959 W 15th St Panama City, FL 32401",2023-05-11
298,USED,2023,FORD,MAVERICK,XL,35949,Gray,Black Onyx,Front-wheel Drive,Hybrid,215,"13397 Britton Park Rd Fishers, IN 46038",2023-05-11
299,USED,2022,FORD,MAVERICK,XLT,35641,Oxford White,Navy Pier,All-wheel Drive,Gasoline,12799,"1251 Quaker Blvd Plainfield, IN 46168",2023-05-11
300,CERTIFIED,2022,FORD,MAVERICK,XL,32596,Shadow Black,Black Onyx,Front-wheel Drive,Gasoline,73,"2713 E. Main St. Plainfield, IN 46168",2023-05-11
301,USED,2022,FORD,MAVERICK,SUPERC,38995,Black,–,All-wheel Drive,Gasoline,13199,"35900 Gratiot Ave Charter Twp of Clinton, MI 48035",2023-05-11
302,USED,2023,FORD,MAVERICK,XL,35500,Atlas Blue Metallic,Black Onyx,Front-wheel Drive,Gasoline,113,"21350 Woodward Ave Ferndale, MI 48220",2023-05-11
303,USED,2023,FORD,MAVERICK,XLT,35000,Atlas Blue Metallic,Navy Pier,Front-wheel Drive,Hybrid,43,"21350 Woodward Ave Ferndale, MI 48220",2023-05-11
304,USED,2023,FORD,MAVERICK,XLT,41997,Shadow Black,Navy Pier,All-wheel Drive,Gasoline,117,"707 S Washington Blvd Sarasota, FL 34236",2023-05-11
305,USED,2023,FORD,MAVERICK,XLT,38448,Area 51,Navy Pier,All-wheel Drive,Gasoline,31,"4200 Illinois Rd Fort Wayne, IN 46804",2023-05-11
306,USED,2022,FORD,MAVERICK,XLT,36825,Shadow Black,Navy Pier,Front-wheel Drive,Hybrid,3766,"183 S. County Rd. 525 E. Avon, IN 46123",2023-05-11
307,USED,2023,FORD,MAVERICK,XLT,38779,Blue,Black Onyx,All-wheel Drive,Gasoline,2713,"965 E Jefferson St Tipton, IN 46072",2023-05-11
308,USED,2022,FORD,MAVERICK,XLT,38995,Hot Pepper Red Tinted Clearcoat,Navy Pier,All-wheel Drive,Gasoline,5349,"24777 Hall Road Macomb, MI 48042",2023-05-11
309,USED,2023,FORD,MAVERICK,LARIAT,40384,White,–,All-wheel Drive,Gasoline,2689,"851 S Main St LaBelle, FL 33935",2023-05-11
310,USED,2022,FORD,MAVERICK,XL,33184,Shadow Black,Black Onyx,All-wheel Drive,Gasoline,84,"851 S Main St LaBelle, FL 33935",2023-05-11
311,USED,2022,FORD,MAVERICK,LARIAT,40995,Velocity Blue,Desert,All-wheel Drive,Gasoline,5255,"40333 Van Dyke Sterling Heights, MI 48313",2023-05-11
312,USED,2022,FORD,MAVERICK,XLT,35995,Carbonized Gray,Navy Pier,Front-wheel Drive,Hybrid,4524,"40333 Van Dyke Sterling Heights, MI 48313",2023-05-11
313,USED,2022,FORD,MAVERICK,LARIAT,36995,Orange,Desert,Front-wheel Drive,Gasoline,18880,"40555 Van Dyke Sterling Heights, MI 48313",2023-05-11
314,USED,2022,FORD,MAVERICK,LARIAT,40991,Orange,Desert,All-wheel Drive,Gasoline,3767,"1100 E Walnut St Evansville, IN 47714",2023-05-11
315,USED,2022,FORD,MAVERICK,XLT,34991,Shadow Black,Navy Pier,Front-wheel Drive,Gasoline,4046,"1100 E Walnut St Evansville, IN 47714",2023-05-11
316,USED,2022,FORD,MAVERICK,XLT,29999,Blue,Navy Pier,All-wheel Drive,Gasoline,59745,"114 Charlestown Road Claremont, NH 03743",2023-05-11
317,USED,2022,FORD,MAVERICK,LARIAT,40495,Oxford White,Desert,All-wheel Drive,Gasoline,16079,"12425 30 Mile Road Washington Twp, MI 48095",2023-05-11
318,USED,2022,FORD,MAVERICK,XLT,39995,Velocity Blue,Navy Pier,All-wheel Drive,Gasoline,2187,"12425 30 Mile Road Washington Twp, MI 48095",2023-05-11
319,USED,2023,FORD,MAVERICK,XLT,37591,Shadow Black,Black Onyx,All-wheel Drive,Gasoline,131,"1445 South Main Street Chelsea, MI 48118",2023-05-11
320,USED,2022,FORD,MAVERICK,XL,31998,Black,Black,Front-wheel Drive,Gasoline,11670,"7420 State Road 84 Davie, FL 33317",2023-05-11
321,USED,2022,FORD,MAVERICK,XL,31999,Oxford White,Black Onyx,Front-wheel Drive,Hybrid,10786,"6975 Highland Road Waterford, MI 48327",2023-05-11
322,USED,2022,FORD,MAVERICK,XLT,36395,Shadow Black,Navy Pier/Medium Slate,All-wheel Drive,Gasoline,21886,"151 Portsmouth Ave Exeter, NH 03833",2023-05-11
323,USED,2023,FORD,MAVERICK,XL,31910,Oxford White,Black Onyx/Medium Dark Slate,All-wheel Drive,Gasoline,10,"151 Portsmouth Ave Exeter, NH 03833",2023-05-11
324,USED,2023,FORD,MAVERICK,XL,31910,Oxford White,Black Onyx/Medium Dark Slate,All-wheel Drive,Gasoline,5,"151 Portsmouth Ave Exeter, NH 03833",2023-05-11
325,USED,2023,FORD,MAVERICK,XL,31910,Oxford White,Black Onyx/Medium Dark Slate,All-wheel Drive,Gasoline,8,"151 Portsmouth Ave Exeter, NH 03833",2023-05-11
326,USED,2023,FORD,MAVERICK,XL,31910,Oxford White,Black Onyx/Medium Dark Slate,All-wheel Drive,Gasoline,10,"151 Portsmouth Ave Exeter, NH 03833",2023-05-11
327,USED,2023,FORD,MAVERICK,XLT,37998,White,Blue,AWD,Gasoline,838,"3000 Colonial Blvd Fort Myers, FL 33966",2023-05-11
328,USED,2023,FORD,MAVERICK,XLT,39410,Green,–,All-wheel Drive,Gasoline,485,"2600 Colonial Blvd Fort Myers, FL 33907",2023-05-11
329,USED,2023,FORD,MAVERICK,XLT,40875,Oxford White,Navy Pier/Medium Slate,All-wheel Drive,Gasoline,2353,"235 Miracle Strip Pkwy SW Fort Walton Beach, FL 32548",2023-05-11
330,USED,2023,FORD,MAVERICK,XLT,35991,Shadow Black,Black Onyx,All-wheel Drive,Gasoline,4435,"6011 Pembroke Rd Hollywood, FL 33023",2023-05-11
331,USED,2023,FORD,MAVERICK,XLT,34907,Area 51,Black Onyx,All-wheel Drive,Gasoline,48,"7100 Grand River Road Brighton, MI 48114",2023-05-11
332,USED,2023,FORD,MAVERICK,XL,34950,Black,Black Onyx,Front-wheel Drive,Hybrid,,"177 Lafayette Rd North Hampton, NH 03862",2023-05-11
333,USED,2022,FORD,MAVERICK,XLT,36499,Shadow Black,Navy Pier,All-wheel Drive,Gasoline,5490,,2023-05-11
334,USED,2022,FORD,MAVERICK,XL,11950,White,Gray,Front-wheel Drive,Gasoline,12729,"5700 NW 27th Ave Miami, FL 33142",2023-05-11
335,USED,2022,FORD,MAVERICK,XL,23950,White,Gray,All-wheel Drive,Gasoline,8392,"5700 NW 27th Ave Miami, FL 33142",2023-05-11
336,USED,2022,FORD,MAVERICK,XLT,34817,Carbonized Gray Metallic,Navy Pier,Front-wheel Drive,Gasoline,1224,"28450 S. Tamiami Trail Bonita Springs, FL 34134",2023-05-11
337,USED,2022,FORD,MAVERICK,LARIAT,39998,Black,Brown,All-wheel Drive,Gasoline,14093,"1300 NW 98th Ct Doral, FL 33172",2023-05-11
338,USED,2022,FORD,MAVERICK,XL,32761,Gray,Black,AWD,Gasoline,9099,"59 Bisson Ave Laconia, NH 03246",2023-05-11
339,USED,2023,FORD,MAVERICK,XL,34890,Area 51,Black Onyx,Front-wheel Drive,Hybrid,3449,"1471 Airport Pulling Rd N Naples, FL 34104",2023-05-11
